#SAMPLE	HQ_HOM	HQ_HOM_RATE	HQ_HET	HQ_HET_RATE	CHARR	MEAN_REF_AB_HOM_ALT	HET_RATE	INCONSISTENT_AB_HET_RATE
GTEX-1AX9J	976606	1.0000	1955429	1.0000	0.0042	-nan	2.0023	0.0079
GTEX-1B8L1	1023342	1.0000	2006172	1.0000	0.0032	-nan	1.9604	0.0083
GTEX-17KNJ	1023353	1.0000	2047295	1.0000	0.0031	0.0007	2.0006	0.0071
GTEX-1RLM8	1054099	1.0000	2022860	1.0000	0.0042	0.0010	1.9190	0.0056
GTEX-1F5PL	944470	1.0000	1885343	1.0000	0.0054	-nan	1.9962	0.0096
GTEX-1192W	919037	1.0000	1801035	1.0000	0.0032	-nan	1.9597	0.0058
GTEX-RN64	1061743	1.0000	2073313	1.0000	0.0057	0.0014	1.9527	0.0079
GTEX-SNOS	1013089	1.0000	2646903	1.0000	0.0040	0.0010	2.6127	0.0081
GTEX-1KD4Q	1076788	1.0000	2123736	1.0000	0.0039	-nan	1.9723	0.0062
GTEX-V955	1114694	1.0000	2131635	1.0000	0.0059	-nan	1.9123	0.0038
GTEX-1F5PK	994897	1.0000	1960792	1.0000	0.0044	0.0011	1.9708	0.0084
GTEX-139TT	1050404	1.0000	2024512	1.0000	0.0040	-nan	1.9274	0.0064
GTEX-QMR6	1021384	1.0000	2030950	1.0000	0.0039	-nan	1.9884	0.0071
GTEX-13FHO	1081647	1.0000	2133827	1.0000	0.0053	0.0012	1.9728	0.0046
GTEX-1PPGY	1083161	1.0000	2186493	1.0000	0.0046	0.0011	2.0186	0.0055
GTEX-13PLJ	1015617	1.0000	1957019	1.0000	0.0030	-nan	1.9269	0.0085
GTEX-12WSA	1044316	1.0000	2029827	1.0000	0.0032	-nan	1.9437	0.0059
GTEX-1PIIG	1091571	1.0000	2163125	1.0000	0.0039	-nan	1.9817	0.0049
GTEX-1F75B	999398	1.0000	1964117	1.0000	0.0051	-nan	1.9653	0.0075
GTEX-Y8E4	860574	1.0000	1752638	1.0000	0.0039	-nan	2.0366	0.0135
GTEX-OXRO	1092566	1.0000	2189393	1.0000	0.0026	-nan	2.0039	0.0033
GTEX-ZQG8	1006013	1.0000	1965652	1.0000	0.0043	0.0010	1.9539	0.0071
GTEX-WXYG	1115453	1.0000	2798053	1.0000	0.0037	0.0010	2.5084	0.0068
GTEX-1GZ4I	1090733	1.0000	2166757	1.0000	0.0039	0.0009	1.9865	0.0033
GTEX-18A67	1096555	1.0000	2194522	1.0000	0.0037	0.0009	2.0013	0.0051
GTEX-WZTO	1052921	1.0000	2127317	1.0000	0.0054	-nan	2.0204	0.0069
GTEX-WRHK	962938	1.0000	1911422	1.0000	0.0038	0.0008	1.9850	0.0104
GTEX-S95S	1101326	1.0000	2150822	1.0000	0.0030	-nan	1.9529	0.0031
GTEX-113JC	1006808	1.0000	2057372	1.0000	0.0037	0.0008	2.0435	0.0075
GTEX-11EI6	908639	1.0000	1795080	1.0000	0.0114	0.0033	1.9756	0.0064
GTEX-QDVJ	1067992	1.0000	2109586	1.0000	0.0052	-nan	1.9753	0.0044
GTEX-117XS	1017097	1.0000	2007250	1.0000	0.0032	0.0007	1.9735	0.0061
GTEX-11NUK	1033246	1.0000	2027831	1.0000	0.0032	0.0007	1.9626	0.0060
GTEX-13NZB	1040298	1.0000	2036202	1.0000	0.0033	-nan	1.9573	0.0067
GTEX-1K9T9	1077139	1.0000	2144653	1.0000	0.0035	0.0008	1.9911	0.0059
GTEX-ZVZO	1132797	1.0000	2867556	1.0000	0.0035	0.0010	2.5314	0.0065
GTEX-11DYG	955799	1.0000	2401159	1.0000	0.0036	0.0010	2.5122	0.0062
GTEX-X88G	1151583	1.0000	2881485	1.0000	0.0032	-nan	2.5022	0.0056
GTEX-Y114	1049579	1.0000	2450677	1.0000	0.0026	-nan	2.3349	0.0107
GTEX-1R9PM	1042269	1.0000	1999713	1.0000	0.0045	-nan	1.9186	0.0051
GTEX-PSDG	1072915	1.0000	2121503	1.0000	0.0022	0.0005	1.9773	0.0042
GTEX-15FZZ	1075448	1.0000	2133222	1.0000	0.0052	-nan	1.9836	0.0046
GTEX-1R9K4	950909	1.0000	1874012	1.0000	0.0049	-nan	1.9708	0.0048
GTEX-16AAH	1050459	1.0000	2033994	1.0000	0.0030	-nan	1.9363	0.0084
GTEX-17MF6	911638	1.0000	1818203	1.0000	0.0036	0.0008	1.9944	0.0134
GTEX-1RB15	1030475	1.0000	2000487	1.0000	0.0043	0.0010	1.9413	0.0040
GTEX-UJHI	1084573	1.0000	2735391	1.0000	0.0032	-nan	2.5221	0.0069
GTEX-WK11	1096418	1.0000	2161786	1.0000	0.0034	-nan	1.9717	0.0037
GTEX-WYJK	1060590	1.0000	2067611	1.0000	0.0045	0.0011	1.9495	0.0075
GTEX-178AV	1030215	1.0000	2029190	1.0000	0.0034	0.0008	1.9697	0.0077
GTEX-15RIF	965438	1.0000	1903088	1.0000	0.0031	0.0007	1.9712	0.0086
GTEX-1MA7W	1104934	1.0000	2162699	1.0000	0.0043	0.0010	1.9573	0.0048
GTEX-ZXG5	919637	1.0000	1868736	1.0000	0.0037	-nan	2.0320	0.0065
GTEX-11GS4	887800	1.0000	1790937	1.0000	0.0042	-nan	2.0173	0.0058
GTEX-1GMR3	1015588	1.0000	1988840	1.0000	0.0035	0.0008	1.9583	0.0082
GTEX-1RAZQ	1113066	1.0000	2161445	1.0000	0.0043	-nan	1.9419	0.0041
GTEX-1269C	1049976	1.0000	2016690	1.0000	0.0037	0.0009	1.9207	0.0061
GTEX-X3Y1	1106324	1.0000	2791589	1.0000	0.0040	-nan	2.5233	0.0062
GTEX-1KD5A	1049229	1.0000	2071376	1.0000	0.0052	-nan	1.9742	0.0076
GTEX-15UF6	926010	1.0000	1857628	1.0000	0.0040	0.0009	2.0061	0.0107
GTEX-XXEK	1088350	1.0000	2128334	1.0000	0.0019	0.0004	1.9556	0.0048
GTEX-1CB4I	1094845	1.0000	2144117	1.0000	0.0041	0.0010	1.9584	0.0053
GTEX-P4QT	1083258	1.0000	2191423	1.0000	0.0021	-nan	2.0230	0.0047
GTEX-11O72	926483	1.0000	1881890	1.0000	0.0048	0.0012	2.0312	0.0100
GTEX-XQ8I	1053514	1.0000	2095497	1.0000	0.0037	-nan	1.9891	0.0061
GTEX-QLQ7	1233898	1.0000	2005167	1.0000	0.0036	-nan	1.6251	0.0045
GTEX-WRHU	1061625	1.0000	2081282	1.0000	0.0030	0.0007	1.9605	0.0059
GTEX-1GZHY	931487	1.0000	1872096	1.0000	0.0053	-nan	2.0098	0.0085
GTEX-YJ89	963496	1.0000	1945662	1.0000	0.0038	-nan	2.0194	0.0086
GTEX-1GMR8	1002907	1.0000	2000925	1.0000	0.0034	-nan	1.9951	0.0080
GTEX-148VJ	1044648	1.0000	2016404	1.0000	0.0028	-nan	1.9302	0.0065
GTEX-1F88F	995472	1.0000	1934475	1.0000	0.0041	0.0009	1.9433	0.0084
GTEX-1R7EU	975730	1.0000	1944364	1.0000	0.0046	0.0011	1.9927	0.0078
GTEX-13PL7	907287	1.0000	1736216	1.0000	0.0042	0.0009	1.9136	0.0078
GTEX-Y5V6	885705	1.0000	1742054	1.0000	0.0048	0.0011	1.9669	0.0109
GTEX-11ZUS	898062	1.0000	1779214	1.0000	0.0036	0.0008	1.9812	0.0090
GTEX-1LVAM	998754	1.0000	1957048	1.0000	0.0054	-nan	1.9595	0.0062
GTEX-X638	1149029	1.0000	2835555	1.0000	0.0035	0.0010	2.4678	0.0054
GTEX-14BMU	1031796	1.0000	2030944	1.0000	0.0033	0.0008	1.9684	0.0070
GTEX-S4Q7	1090743	1.0000	2161341	1.0000	0.0021	0.0005	1.9815	0.0052
GTEX-YBZK	1102045	1.0000	2813558	1.0000	0.0038	-nan	2.5530	0.0050
GTEX-1MUQO	1082069	1.0000	2154812	1.0000	0.0043	0.0010	1.9914	0.0055
GTEX-14PHY	911230	1.0000	2345528	1.0000	0.0035	-nan	2.5740	0.0089
GTEX-1GF9U	976744	1.0000	1924222	1.0000	0.0039	0.0010	1.9700	0.0077
GTEX-OXRL	1103188	1.0000	2114841	1.0000	0.0025	0.0006	1.9170	0.0043
GTEX-UJMC	1080587	1.0000	2715465	1.0000	0.0034	-nan	2.5130	0.0081
GTEX-12C56	1001830	1.0000	2002047	1.0000	0.0031	-nan	1.9984	0.0078
GTEX-X4XY	1084830	1.0000	2142447	1.0000	0.0042	0.0010	1.9749	0.0039
GTEX-14PK6	973238	1.0000	1928781	1.0000	0.0037	0.0008	1.9818	0.0081
GTEX-13FTY	979483	1.0000	1923134	1.0000	0.0030	-nan	1.9634	0.0076
GTEX-1BAJH	930737	1.0000	1854130	1.0000	0.0033	-nan	1.9921	0.0083
GTEX-11NV4	1050848	1.0000	2572642	1.0000	0.0032	-nan	2.4482	0.0081
GTEX-TKQ2	1057365	1.0000	2113118	1.0000	0.0043	-nan	1.9985	0.0072
GTEX-ZDYS	888717	1.0000	1790153	1.0000	0.0028	0.0006	2.0143	0.0096
GTEX-15DZA	995406	1.0000	2085463	1.0000	0.0035	-nan	2.0951	0.0082
GTEX-15RIE	995760	1.0000	1953927	1.0000	0.0036	0.0008	1.9622	0.0074
GTEX-WVJS	1091206	1.0000	2238367	1.0000	0.0045	-nan	2.0513	0.0035
GTEX-17HGU	996065	1.0000	1983127	1.0000	0.0035	-nan	1.9910	0.0084
GTEX-1LBAC	1142183	1.0000	2861058	1.0000	0.0032	0.0009	2.5049	0.0054
GTEX-14DAQ	1018336	1.0000	2005062	1.0000	0.0028	-nan	1.9690	0.0065
GTEX-1EU9M	1014733	1.0000	1989460	1.0000	0.0043	-nan	1.9606	0.0064
GTEX-YFC4	955537	1.0000	1920913	1.0000	0.0039	0.0009	2.0103	0.0108
GTEX-1JJ6O	1094412	1.0000	2151306	1.0000	0.0042	0.0010	1.9657	0.0053
GTEX-1EKGG	1038824	1.0000	2020317	1.0000	0.0045	-nan	1.9448	0.0051
GTEX-1K2DA	1081395	1.0000	2169992	1.0000	0.0156	0.0047	2.0067	0.0045
GTEX-T2IS	978595	1.0000	1946573	1.0000	0.0079	-nan	1.9892	0.0074
GTEX-QVJO	1047796	1.0000	2067154	1.0000	0.0051	-nan	1.9729	0.0078
GTEX-YEC4	1030248	1.0000	2010305	1.0000	0.0030	0.0007	1.9513	0.0077
GTEX-PLZ5	1093070	1.0000	2150112	1.0000	0.0022	-nan	1.9670	0.0042
GTEX-13X6J	924830	1.0000	1889381	1.0000	0.0088	0.0028	2.0429	0.0092
GTEX-18464	1087684	1.0000	2142724	1.0000	0.0053	0.0012	1.9700	0.0058
GTEX-OIZI	1061875	1.0000	2101248	1.0000	0.0031	0.0008	1.9788	0.0038
GTEX-13FTX	1026998	1.0000	2063188	1.0000	0.0029	-nan	2.0090	0.0072
GTEX-1B97I	958301	1.0000	1966269	1.0000	0.0040	0.0010	2.0518	0.0081
GTEX-1EX96	983959	1.0000	2045905	1.0000	0.0032	-nan	2.0793	0.0073
GTEX-1AYCT	1008867	1.0000	1985875	1.0000	0.0044	0.0011	1.9684	0.0079
GTEX-14PJN	942243	1.0000	1838935	1.0000	0.0041	-nan	1.9517	0.0088
GTEX-13CF3	894225	1.0000	1734120	1.0000	0.0027	0.0006	1.9392	0.0099
GTEX-15ER7	1085376	1.0000	2128218	1.0000	0.0057	0.0014	1.9608	0.0056
GTEX-U412	1105658	1.0000	2803201	1.0000	0.0196	-nan	2.5353	0.0066
GTEX-W5X1	1086189	1.0000	2759143	1.0000	0.0250	0.0105	2.5402	0.0091
GTEX-ZV68	863381	1.0000	1644800	1.0000	0.0040	0.0009	1.9051	0.0116
GTEX-O5YV	1099058	1.0000	2153566	1.0000	0.0027	0.0006	1.9595	0.0034
GTEX-ZV7C	1007672	1.0000	2590862	1.0000	0.0027	0.0007	2.5711	0.0102
GTEX-16A39	905664	1.0000	1825783	1.0000	0.0122	0.0038	2.0160	0.0090
GTEX-OHPL	1060995	1.0000	2081157	1.0000	0.0043	0.0010	1.9615	0.0060
GTEX-1MJK2	1090890	1.0000	2115609	1.0000	0.0042	0.0010	1.9393	0.0056
GTEX-ZGAY	967316	1.0000	1961635	1.0000	0.0064	0.0018	2.0279	0.0095
GTEX-14A5H	1122336	1.0000	2165226	1.0000	0.0041	-nan	1.9292	0.0022
GTEX-11NSD	1074953	1.0000	2110472	1.0000	0.0043	-nan	1.9633	0.0052
GTEX-14PN4	985410	1.0000	1950081	1.0000	0.0030	-nan	1.9790	0.0070
GTEX-1192X	1031885	1.0000	2025539	1.0000	0.0032	-nan	1.9630	0.0066
GTEX-1GZ2Q	972694	1.0000	1930780	1.0000	0.0031	-nan	1.9850	0.0077
GTEX-WYVS	1083018	1.0000	2151057	1.0000	0.0048	0.0011	1.9862	0.0069
GTEX-ZVZQ	954094	1.0000	1874096	1.0000	0.0036	0.0008	1.9643	0.0081
GTEX-ZTTD	1024953	1.0000	1997854	1.0000	0.0028	-nan	1.9492	0.0060
GTEX-T5JC	1047079	1.0000	2111294	1.0000	0.0045	-nan	2.0164	0.0082
GTEX-12KS4	980895	1.0000	2009271	1.0000	0.0040	0.0009	2.0484	0.0096
GTEX-146FH	964799	1.0000	1943360	1.0000	0.0026	0.0006	2.0143	0.0083
GTEX-13PVQ	1092242	1.0000	2244910	1.0000	0.0047	-nan	2.0553	0.0024
GTEX-12WSH	982568	1.0000	1979516	1.0000	0.0031	-nan	2.0146	0.0078
GTEX-16GPK	1016556	1.0000	1975423	1.0000	0.0035	0.0008	1.9433	0.0063
GTEX-TKQ1	963925	1.0000	2441379	1.0000	0.0041	-nan	2.5327	0.0094
GTEX-13NYB	1071260	1.0000	2674461	1.0000	0.0025	0.0007	2.4966	0.0074
GTEX-YECK	1017739	1.0000	1971892	1.0000	0.0034	0.0008	1.9375	0.0079
GTEX-132QS	1065759	1.0000	2078619	1.0000	0.0034	-nan	1.9504	0.0067
GTEX-13W46	1005025	1.0000	2007058	1.0000	0.0031	-nan	1.9970	0.0062
GTEX-11DXX	819846	1.0000	1633415	1.0000	0.0035	-nan	1.9923	0.0081
GTEX-OXRK	1088730	1.0000	2141204	1.0000	0.0028	0.0007	1.9667	0.0042
GTEX-1I6K7	1037974	1.0000	2048030	1.0000	0.0048	0.0011	1.9731	0.0068
GTEX-PLZ6	1086408	1.0000	2145116	1.0000	0.0019	0.0004	1.9745	0.0043
GTEX-X8HC	1048891	1.0000	2044635	1.0000	0.0045	-nan	1.9493	0.0083
GTEX-ZF29	880217	1.0000	1786142	1.0000	0.0110	0.0030	2.0292	0.0091
GTEX-1LGRB	1073273	1.0000	2218507	1.0000	0.0143	-nan	2.0670	0.0059
GTEX-13NZA	999794	1.0000	1923525	1.0000	0.0033	-nan	1.9239	0.0071
GTEX-13JVG	991652	1.0000	1927996	1.0000	0.0043	-nan	1.9442	0.0078
GTEX-1OKEX	977809	1.0000	1943055	1.0000	0.0040	-nan	1.9872	0.0056
GTEX-1KANA	1090225	1.0000	2195457	1.0000	0.0211	0.0072	2.0138	0.0030
GTEX-WFJO	1044363	1.0000	2093720	1.0000	0.0076	0.0023	2.0048	0.0078
GTEX-139T6	1047151	1.0000	2157952	1.0000	0.0037	0.0009	2.0608	0.0056
GTEX-SIU8	1097158	1.0000	2141992	1.0000	0.0023	0.0005	1.9523	0.0035
GTEX-1RQEC	1071870	1.0000	2123207	1.0000	0.0041	0.0010	1.9808	0.0062
GTEX-S32W	1065604	1.0000	2168271	1.0000	0.0021	0.0005	2.0348	0.0052
GTEX-XK95	1099985	1.0000	2103892	1.0000	0.0050	0.0012	1.9127	0.0057
GTEX-13YAN	1178753	1.0000	2874666	1.0000	0.0037	-nan	2.4387	0.0024
GTEX-1RQED	1079040	1.0000	2119496	1.0000	0.0045	0.0011	1.9642	0.0057
GTEX-1LB8K	1092942	1.0000	2125692	1.0000	0.0038	-nan	1.9449	0.0050
GTEX-1LH75	1048400	1.0000	2069265	1.0000	0.0041	-nan	1.9737	0.0072
GTEX-17F98	1012751	1.0000	1985452	1.0000	0.0031	0.0007	1.9605	0.0074
GTEX-11DXZ	994279	1.0000	2520481	1.0000	0.0039	-nan	2.5350	0.0046
GTEX-16YQH	996311	1.0000	1976901	1.0000	0.0036	0.0008	1.9842	0.0083
GTEX-1R9K5	958100	1.0000	1900584	1.0000	0.0047	0.0011	1.9837	0.0051
GTEX-1GPI6	1106501	1.0000	2154627	1.0000	0.0043	0.0010	1.9472	0.0039
GTEX-14PKV	1011096	1.0000	1981631	1.0000	0.0040	0.0009	1.9599	0.0092
GTEX-1313W	1033383	1.0000	2011095	1.0000	0.0029	0.0007	1.9461	0.0071
GTEX-15ETS	938778	1.0000	1841959	1.0000	0.0035	0.0008	1.9621	0.0076
GTEX-ZTX8	1012960	1.0000	2551142	1.0000	0.0031	0.0008	2.5185	0.0073
GTEX-1JMQI	1082166	1.0000	2135559	1.0000	0.0042	-nan	1.9734	0.0041
GTEX-ZAB4	860859	1.0000	1720976	1.0000	0.0037	0.0009	1.9991	0.0096
GTEX-1F52S	954530	1.0000	1924811	1.0000	0.0041	-nan	2.0165	0.0084
GTEX-146FR	1009276	1.0000	2029841	1.0000	0.0032	0.0007	2.0112	0.0066
GTEX-15SB6	946759	1.0000	1870046	1.0000	0.0040	0.0009	1.9752	0.0100
GTEX-1N2EE	951633	1.0000	1888351	1.0000	0.0051	0.0012	1.9843	0.0076
GTEX-1F6RS	954058	1.0000	1927128	1.0000	0.0048	0.0012	2.0199	0.0083
GTEX-1S3DN	1078666	1.0000	2072338	1.0000	0.0049	0.0011	1.9212	0.0078
GTEX-Y8DK	1015340	1.0000	1970211	1.0000	0.0032	0.0007	1.9404	0.0088
GTEX-11UD2	902473	1.0000	1781516	1.0000	0.0040	0.0009	1.9740	0.0069
GTEX-13U4I	848059	1.0000	1681249	1.0000	0.0031	0.0007	1.9825	0.0105
GTEX-U3ZM	1052884	1.0000	2097450	1.0000	0.0050	0.0011	1.9921	0.0073
GTEX-ZT9X	967842	1.0000	1896486	1.0000	0.0047	-nan	1.9595	0.0097
GTEX-15EOM	997678	1.0000	1961637	1.0000	0.0036	0.0008	1.9662	0.0073
GTEX-SSA3	1108007	1.0000	2809295	1.0000	0.0041	-nan	2.5354	0.0067
GTEX-17HHY	1006887	1.0000	1973681	1.0000	0.0036	0.0008	1.9602	0.0080
GTEX-183WM	808087	1.0000	1673363	1.0000	0.0036	0.0008	2.0708	0.0108
GTEX-1IDJE	1078141	1.0000	2122086	1.0000	0.0052	0.0012	1.9683	0.0057
GTEX-11PRG	1084087	1.0000	2588498	1.0000	0.0034	-nan	2.3877	0.0071
GTEX-145MG	1030334	1.0000	2635621	1.0000	0.0026	-nan	2.5580	0.0081
GTEX-13OVL	1047766	1.0000	2030741	1.0000	0.0028	-nan	1.9382	0.0056
GTEX-1F75W	967660	1.0000	1918688	1.0000	0.0043	0.0010	1.9828	0.0084
GTEX-QEG4	1066224	1.0000	2083640	1.0000	0.0039	0.0009	1.9542	0.0066
GTEX-XMD3	982419	1.0000	2150753	1.0000	0.0027	-nan	2.1892	0.0087
GTEX-139UW	933797	1.0000	1854273	1.0000	0.0031	0.0007	1.9857	0.0087
GTEX-1A8G7	907657	1.0000	1811486	1.0000	0.0038	-nan	1.9958	0.0093
GTEX-1LSNM	1033326	1.0000	2024530	1.0000	0.0038	0.0009	1.9592	0.0081
GTEX-146FQ	871333	1.0000	1756441	1.0000	0.0044	0.0010	2.0158	0.0110
GTEX-WQUQ	1030773	1.0000	2026914	1.0000	0.0087	0.0028	1.9664	0.0070
GTEX-15SHU	970212	1.0000	2020764	1.0000	0.0031	-nan	2.0828	0.0074
GTEX-13OW8	1022093	1.0000	2042037	1.0000	0.0031	-nan	1.9979	0.0062
GTEX-132AR	1116087	1.0000	2149096	1.0000	0.0038	-nan	1.9256	0.0027
GTEX-XMD1	934149	1.0000	1885969	1.0000	0.0035	-nan	2.0189	0.0093
GTEX-1LVAN	1054085	1.0000	1786794	1.0000	0.0125	-nan	1.6951	0.0045
GTEX-144FL	1123300	1.0000	2162387	1.0000	0.0042	-nan	1.9250	0.0030
GTEX-1S5ZA	1166106	1.0000	2869686	1.0000	0.0032	-nan	2.4609	0.0049
GTEX-Q2AG	1091031	1.0000	2157845	1.0000	0.0026	0.0006	1.9778	0.0033
GTEX-1F7RK	1044371	1.0000	2036585	1.0000	0.0038	-nan	1.9501	0.0065
GTEX-15CHC	960661	1.0000	1840365	1.0000	0.0031	-nan	1.9157	0.0088
GTEX-139T4	1092583	1.0000	2143027	1.0000	0.0043	0.0010	1.9614	0.0054
GTEX-14PN3	1011553	1.0000	1946582	1.0000	0.0036	-nan	1.9243	0.0075
GTEX-1JN76	1107429	1.0000	2169171	1.0000	0.0038	0.0009	1.9587	0.0025
GTEX-12WSD	1020917	1.0000	2480278	1.0000	0.0042	0.0011	2.4295	0.0081
GTEX-1S83E	1075047	1.0000	2131835	1.0000	0.0051	-nan	1.9830	0.0066
GTEX-ZDTT	981457	1.0000	1927222	1.0000	0.0036	0.0008	1.9636	0.0073
GTEX-11EMC	915032	1.0000	1789429	1.0000	0.0032	-nan	1.9556	0.0090
GTEX-14LLW	976162	1.0000	1931369	1.0000	0.0034	-nan	1.9785	0.0087
GTEX-1I4MK	1069992	1.0000	2139062	1.0000	0.0054	0.0013	1.9991	0.0060
GTEX-11WQK	991993	1.0000	1964356	1.0000	0.0043	0.0010	1.9802	0.0083
GTEX-14ABY	957498	1.0000	1904253	1.0000	0.0047	0.0012	1.9888	0.0095
GTEX-18QFQ	1105598	1.0000	2781254	1.0000	0.0037	0.0010	2.5156	0.0074
GTEX-1GF9W	1000078	1.0000	1941272	1.0000	0.0031	0.0007	1.9411	0.0072
GTEX-ZDTS	999496	1.0000	1971997	1.0000	0.0040	-nan	1.9730	0.0073
GTEX-13FLW	1047090	1.0000	2617741	1.0000	0.0022	-nan	2.5000	0.0092
GTEX-1NHNU	1174230	1.0000	2879303	1.0000	0.0041	0.0011	2.4521	0.0044
GTEX-Y3I4	986876	1.0000	1970580	1.0000	0.0031	0.0007	1.9968	0.0091
GTEX-OOBK	892388	1.0000	1728572	1.0000	0.0042	0.0012	1.9370	0.0069
GTEX-1399S	1090617	1.0000	2171910	1.0000	0.0037	0.0009	1.9915	0.0043
GTEX-13112	1012398	1.0000	1994719	1.0000	0.0042	0.0010	1.9703	0.0067
GTEX-16MT8	971498	1.0000	1909239	1.0000	0.0045	0.0011	1.9653	0.0104
GTEX-XUZC	1055247	1.0000	2104111	1.0000	0.0038	0.0009	1.9940	0.0061
GTEX-11P81	921934	1.0000	1809404	1.0000	0.0049	-nan	1.9626	0.0048
GTEX-POYW	1106287	1.0000	2138280	1.0000	0.0039	0.0010	1.9328	0.0038
GTEX-132NY	987753	1.0000	1954229	1.0000	0.0038	-nan	1.9785	0.0071
GTEX-1CAMQ	948292	1.0000	1908551	1.0000	0.0035	-nan	2.0126	0.0081
GTEX-1CB4F	1012630	1.0000	1964847	1.0000	0.0055	0.0013	1.9403	0.0088
GTEX-P44H	1101557	1.0000	2140080	1.0000	0.0034	0.0008	1.9428	0.0038
GTEX-NPJ8	977330	1.0000	1907725	1.0000	0.0035	-nan	1.9520	0.0047
GTEX-X15G	961051	1.0000	1889518	1.0000	0.0039	0.0009	1.9661	0.0110
GTEX-YB5K	955204	1.0000	1900814	1.0000	0.0142	0.0042	1.9900	0.0059
GTEX-18A7A	928708	1.0000	1883305	1.0000	0.0041	0.0009	2.0279	0.0127
GTEX-YJ8A	885595	1.0000	1752571	1.0000	0.0048	0.0011	1.9790	0.0097
GTEX-RNOR	1064829	1.0000	2115626	1.0000	0.0050	0.0012	1.9868	0.0062
GTEX-QXCU	1073925	1.0000	2103623	1.0000	0.0056	0.0014	1.9588	0.0060
GTEX-Y8E5	1147387	1.0000	2889047	1.0000	0.0035	0.0010	2.5179	0.0026
GTEX-NFK9	1088931	1.0000	2821406	1.0000	0.0022	0.0006	2.5910	0.0043
GTEX-1KANB	1115714	1.0000	2796101	1.0000	0.0030	-nan	2.5061	0.0068
GTEX-1N2EF	1104983	1.0000	2149402	1.0000	0.0041	-nan	1.9452	0.0044
GTEX-117YW	1003040	1.0000	2004293	1.0000	0.0032	0.0007	1.9982	0.0073
GTEX-147F4	1000433	1.0000	1996865	1.0000	0.0036	-nan	1.9960	0.0076
GTEX-ZPU1	957665	1.0000	2422910	1.0000	0.0032	-nan	2.5300	0.0083
GTEX-X62O	1092864	1.0000	2144391	1.0000	0.0045	-nan	1.9622	0.0055
GTEX-WEY5	1098262	1.0000	2134221	1.0000	0.0048	-nan	1.9433	0.0051
GTEX-REY6	1061958	1.0000	2140391	1.0000	0.0040	0.0009	2.0155	0.0076
GTEX-1AMEY	963094	1.0000	1924893	1.0000	0.0031	0.0008	1.9987	0.0079
GTEX-1GMR2	1015486	1.0000	2578627	1.0000	0.0033	-nan	2.5393	0.0078
GTEX-1LNCM	1087965	1.0000	2156406	1.0000	0.0038	0.0009	1.9821	0.0055
GTEX-XV7Q	1088547	1.0000	2143711	1.0000	0.0024	0.0006	1.9693	0.0047
GTEX-15D79	1003145	1.0000	1979070	1.0000	0.0028	-nan	1.9729	0.0078
GTEX-13PDP	1092753	1.0000	2196836	1.0000	0.0043	0.0010	2.0104	0.0045
GTEX-Y111	1019486	1.0000	2002387	1.0000	0.0062	0.0018	1.9641	0.0076
GTEX-VUSH	1123120	1.0000	2759215	1.0000	0.0031	0.0009	2.4567	0.0067
GTEX-18465	1076576	1.0000	2108609	1.0000	0.0052	0.0012	1.9586	0.0065
GTEX-ZYY3	833088	1.0000	1655293	1.0000	0.0034	0.0008	1.9869	0.0104
GTEX-13SLX	1025790	1.0000	2597826	1.0000	0.0032	-nan	2.5325	0.0068
GTEX-R55D	1052624	1.0000	2344242	1.0000	0.0032	-nan	2.2270	0.0043
GTEX-14C38	933642	1.0000	1844382	1.0000	0.0041	0.0009	1.9755	0.0102
GTEX-11ZTT	1019312	1.0000	1994606	1.0000	0.0032	0.0007	1.9568	0.0071
GTEX-11TTK	878307	1.0000	1691299	1.0000	0.0033	0.0008	1.9256	0.0077
GTEX-13OVJ	808613	1.0000	1621283	1.0000	0.0041	-nan	2.0050	0.0105
GTEX-QEG5	1073660	1.0000	2131613	1.0000	0.0045	0.0011	1.9854	0.0064
GTEX-1339X	1007429	1.0000	2015292	1.0000	0.0050	-nan	2.0004	0.0070
GTEX-ZPIC	982452	1.0000	1982723	1.0000	0.0029	-nan	2.0181	0.0080
GTEX-14E7W	963734	1.0000	1909193	1.0000	0.0027	-nan	1.9810	0.0073
GTEX-1S82U	1094134	1.0000	2147110	1.0000	0.0040	0.0010	1.9624	0.0059
GTEX-OHPM	1075069	1.0000	2166116	1.0000	0.0020	0.0005	2.0149	0.0040
GTEX-T6MO	1060824	1.0000	2147675	1.0000	0.0040	-nan	2.0245	0.0064
GTEX-S7PM	1205480	1.0000	1982994	1.0000	0.0029	0.0008	1.6450	0.0057
GTEX-ZVE2	996195	1.0000	1952884	1.0000	0.0032	0.0007	1.9603	0.0062
GTEX-139TS	1096518	1.0000	2163159	1.0000	0.0045	-nan	1.9728	0.0037
GTEX-ZVP2	1129537	1.0000	2813943	1.0000	0.0103	-nan	2.4912	0.0059
GTEX-P4QS	1121395	1.0000	2839300	1.0000	0.0034	0.0011	2.5319	0.0043
GTEX-13O3O	972166	1.0000	1908092	1.0000	0.0039	0.0009	1.9627	0.0078
GTEX-1C475	956227	1.0000	1938330	1.0000	0.0037	-nan	2.0271	0.0082
GTEX-S33H	1032470	1.0000	2080669	1.0000	0.0036	-nan	2.0152	0.0062
GTEX-13OVK	1022817	1.0000	2026899	1.0000	0.0276	0.0098	1.9817	0.0065
GTEX-1A3MV	981979	1.0000	1954097	1.0000	0.0050	-nan	1.9900	0.0082
GTEX-S3XE	990832	1.0000	1976269	1.0000	0.0034	-nan	1.9946	0.0080
GTEX-13FH7	1038947	1.0000	2065841	1.0000	0.0041	0.0009	1.9884	0.0056
GTEX-1MJIX	1078554	1.0000	2135569	1.0000	0.0038	0.0009	1.9800	0.0060
GTEX-1QP29	1092531	1.0000	2185521	1.0000	0.0043	0.0010	2.0004	0.0052
GTEX-15UKP	971589	1.0000	1921712	1.0000	0.0031	0.0007	1.9779	0.0076
GTEX-16XZZ	966426	1.0000	1914285	1.0000	0.0036	-nan	1.9808	0.0072
GTEX-1C64N	947877	1.0000	1867822	1.0000	0.0040	0.0009	1.9705	0.0083
GTEX-13NZ8	978538	1.0000	1920915	1.0000	0.0041	0.0009	1.9630	0.0093
GTEX-15RIG	939859	1.0000	1859059	1.0000	0.0037	0.0008	1.9780	0.0099
GTEX-1212Z	1017067	1.0000	1993202	1.0000	0.0029	-nan	1.9598	0.0100
GTEX-1PBJJ	1092311	1.0000	2136664	1.0000	0.0039	0.0010	1.9561	0.0059
GTEX-147F3	984691	1.0000	2003118	1.0000	0.0031	-nan	2.0343	0.0076
GTEX-ZLV1	977970	1.0000	1930897	1.0000	0.0033	0.0007	1.9744	0.0106
GTEX-14LZ3	948894	1.0000	1876088	1.0000	0.0031	0.0007	1.9771	0.0092
GTEX-ZYFD	989746	1.0000	1953818	1.0000	0.0036	-nan	1.9741	0.0076
GTEX-15RJ7	1012164	1.0000	2550609	1.0000	0.0035	-nan	2.5200	0.0120
GTEX-VJYA	1110201	1.0000	2762435	1.0000	0.0036	0.0010	2.4882	0.0070
GTEX-13FLV	1004687	1.0000	1970244	1.0000	0.0031	0.0008	1.9611	0.0065
GTEX-11ONC	1104071	1.0000	2170705	1.0000	0.0044	-nan	1.9661	0.0035
GTEX-15EU6	1001709	1.0000	1992761	1.0000	0.0039	0.0009	1.9894	0.0084
GTEX-O5YT	1089864	1.0000	2158364	1.0000	0.0024	0.0006	1.9804	0.0041
GTEX-1FIGZ	953444	1.0000	1920323	1.0000	0.0047	0.0012	2.0141	0.0077
GTEX-RU72	1212513	1.0000	1902637	1.0000	0.0034	0.0009	1.5692	0.0070
GTEX-OXRP	1074546	1.0000	2200347	1.0000	0.0027	-nan	2.0477	0.0040
GTEX-1MCQQ	1100354	1.0000	2141906	1.0000	0.0039	0.0010	1.9466	0.0048
GTEX-WHSB	1081219	1.0000	2117455	1.0000	0.0045	0.0011	1.9584	0.0069
GTEX-QV31	1081127	1.0000	2143854	1.0000	0.0041	0.0010	1.9830	0.0038
GTEX-15SKB	913902	1.0000	1807277	1.0000	0.0037	0.0008	1.9775	0.0100
GTEX-1LVA9	1083349	1.0000	2118932	1.0000	0.0043	0.0010	1.9559	0.0064
GTEX-P44G	1086375	1.0000	2186051	1.0000	0.0047	0.0011	2.0122	0.0036
GTEX-S341	1185143	1.0000	2845986	1.0000	0.0021	0.0006	2.4014	0.0044
GTEX-13VXU	934942	1.0000	1853092	1.0000	0.0043	0.0011	1.9820	0.0088
GTEX-1LKK1	1099253	1.0000	2171402	1.0000	0.0043	-nan	1.9753	0.0039
GTEX-1KXAM	1109073	1.0000	2133593	1.0000	0.0042	0.0010	1.9238	0.0040
GTEX-1JMPZ	1035869	1.0000	2613838	1.0000	0.0045	0.0012	2.5233	0.0080
GTEX-1JKYN	836305	1.0000	1650613	1.0000	0.0135	0.0041	1.9737	0.0077
GTEX-13N1W	1022809	1.0000	2116218	1.0000	0.0557	0.0191	2.0690	0.0084
GTEX-ZV6S	981086	1.0000	1972660	1.0000	0.0034	0.0008	2.0107	0.0071
GTEX-XBEW	957028	1.0000	1964956	1.0000	0.0035	0.0008	2.0532	0.0088
GTEX-YF7O	902331	1.0000	1780708	1.0000	0.0044	-nan	1.9735	0.0087
GTEX-14PII	995239	1.0000	1996920	1.0000	0.0043	-nan	2.0065	0.0082
GTEX-14DAR	1009709	1.0000	1940428	1.0000	0.0034	0.0008	1.9218	0.0072
GTEX-1EWIQ	988049	1.0000	1965946	1.0000	0.0038	-nan	1.9897	0.0084
GTEX-13RTK	910650	1.0000	1817219	1.0000	0.0041	0.0009	1.9955	0.0087
GTEX-ZG7Y	1052215	1.0000	2126157	1.0000	0.0119	0.0036	2.0206	0.0058
GTEX-1QEPI	1097062	1.0000	2151935	1.0000	0.0046	0.0011	1.9615	0.0045
GTEX-Y3IK	1000145	1.0000	2579933	1.0000	0.0030	-nan	2.5796	0.0106
GTEX-13QIC	939910	1.0000	1881786	1.0000	0.0042	-nan	2.0021	0.0083
GTEX-TSE9	1053001	1.0000	2050887	1.0000	0.0050	-nan	1.9477	0.0080
GTEX-NL4W	1091699	1.0000	2172692	1.0000	0.0031	0.0007	1.9902	0.0037
GTEX-S7SF	1004124	1.0000	2021635	1.0000	0.0035	0.0008	2.0133	0.0077
GTEX-XBEC	1050437	1.0000	2057725	1.0000	0.0040	0.0009	1.9589	0.0098
GTEX-14C5O	989896	1.0000	1967847	1.0000	0.0037	0.0008	1.9879	0.0086
GTEX-1C2JI	989535	1.0000	1916588	1.0000	0.0039	0.0009	1.9369	0.0089
GTEX-ZLFU	1100384	1.0000	2708932	1.0000	0.0023	-nan	2.4618	0.0064
GTEX-1ICLZ	1077873	1.0000	2152540	1.0000	0.0052	0.0012	1.9970	0.0053
GTEX-QVUS	1008166	1.0000	1954834	1.0000	0.0056	0.0014	1.9390	0.0068
GTEX-1A3MX	989548	1.0000	1935866	1.0000	0.0027	-nan	1.9563	0.0076
GTEX-14JG1	1021469	1.0000	2016630	1.0000	0.0033	-nan	1.9742	0.0069
GTEX-Q2AI	1078222	1.0000	2165021	1.0000	0.0028	0.0007	2.0080	0.0042
GTEX-ZQUD	1082882	1.0000	2697390	1.0000	0.0024	0.0007	2.4909	0.0069
GTEX-SJXC	1026785	1.0000	1980990	1.0000	0.0035	-nan	1.9293	0.0074
GTEX-145MN	1083495	1.0000	2698391	1.0000	0.0019	-nan	2.4905	0.0072
GTEX-1S831	1043146	1.0000	2672657	1.0000	0.0034	0.0008	2.5621	0.0046
GTEX-11I78	951112	1.0000	1884190	1.0000	0.0038	0.0009	1.9810	0.0063
GTEX-1GN1V	1031387	1.0000	2004070	1.0000	0.0036	-nan	1.9431	0.0075
GTEX-WH7G	1096632	1.0000	2137572	1.0000	0.0059	-nan	1.9492	0.0037
GTEX-XQ3S	1096796	1.0000	2145894	1.0000	0.0039	-nan	1.9565	0.0038
GTEX-131XG	1009356	1.0000	1952378	1.0000	0.0031	-nan	1.9343	0.0066
GTEX-1AYD5	959115	1.0000	2347853	1.0000	0.0038	0.0011	2.4479	0.0083
GTEX-X4LF	991171	1.0000	1999114	1.0000	0.0036	0.0008	2.0169	0.0089
GTEX-1PPH6	907911	1.0000	1793050	1.0000	0.0045	0.0010	1.9749	0.0074
GTEX-YB5E	902611	1.0000	2285553	1.0000	0.0046	-nan	2.5322	0.0060
GTEX-12584	787434	1.0000	1584183	1.0000	0.0038	-nan	2.0118	0.0100
GTEX-PW2O	1072977	1.0000	2201484	1.0000	0.0024	0.0005	2.0518	0.0036
GTEX-1M4P7	1083518	1.0000	2194385	1.0000	0.0053	0.0012	2.0252	0.0047
GTEX-13RTL	1019216	1.0000	2012854	1.0000	0.0040	-nan	1.9749	0.0057
GTEX-OXRN	1052679	1.0000	2093380	1.0000	0.0025	0.0006	1.9886	0.0065
GTEX-13QBU	999125	1.0000	1942040	1.0000	0.0039	-nan	1.9437	0.0072
GTEX-14ICK	1055696	1.0000	2030593	1.0000	0.0039	-nan	1.9235	0.0056
GTEX-14PJ6	952632	1.0000	1851006	1.0000	0.0040	-nan	1.9430	0.0072
GTEX-12126	1037499	1.0000	2549489	1.0000	0.0031	-nan	2.4573	0.0085
GTEX-1RMOY	1070872	1.0000	2304514	1.0000	0.0042	0.0010	2.1520	0.0042
GTEX-1QMI2	1094653	1.0000	2158804	1.0000	0.0047	0.0011	1.9721	0.0046
GTEX-X4XX	1073272	1.0000	2156692	1.0000	0.0040	0.0009	2.0095	0.0066
GTEX-Q734	1098743	1.0000	2125403	1.0000	0.0020	-nan	1.9344	0.0043
GTEX-1122O	978762	1.0000	1917203	1.0000	0.0036	0.0008	1.9588	0.0083
GTEX-1C6WA	988395	1.0000	1967893	1.0000	0.0042	0.0009	1.9910	0.0098
GTEX-169BO	972979	1.0000	1885640	1.0000	0.0039	0.0009	1.9380	0.0070
GTEX-13RTJ	1003136	1.0000	1937596	1.0000	0.0030	-nan	1.9315	0.0063
GTEX-14PJO	1048947	1.0000	2100984	1.0000	0.0042	-nan	2.0029	0.0063
GTEX-14AS3	1062880	1.0000	1921447	1.0000	0.0040	0.0010	1.8078	0.0093
GTEX-1QPFJ	1066260	1.0000	2125198	1.0000	0.0050	0.0013	1.9931	0.0044
GTEX-13O61	1017403	1.0000	2387979	1.0000	0.0027	0.0006	2.3471	0.0063
GTEX-144GM	1068767	1.0000	2097206	1.0000	0.0049	0.0011	1.9623	0.0063
GTEX-1QP66	1107750	1.0000	2159412	1.0000	0.0043	-nan	1.9494	0.0051
GTEX-15DCE	1013189	1.0000	2019722	1.0000	0.0040	0.0009	1.9934	0.0097
GTEX-N7MS	1094256	1.0000	2151600	1.0000	0.0022	-nan	1.9663	0.0041
GTEX-RWS6	1084661	1.0000	2156459	1.0000	0.0028	-nan	1.9881	0.0044
GTEX-1F75I	1132014	1.0000	2852602	1.0000	0.0035	-nan	2.5199	0.0054
GTEX-1LSVX	1104924	1.0000	2162406	1.0000	0.0037	0.0009	1.9571	0.0033
GTEX-1E2YA	1085923	1.0000	2182637	1.0000	0.0039	0.0009	2.0099	0.0047
GTEX-1CB4G	1109212	1.0000	2162535	1.0000	0.0044	-nan	1.9496	0.0049
GTEX-14A6H	987835	1.0000	1960831	1.0000	0.0038	-nan	1.9850	0.0072
GTEX-13N2G	943442	1.0000	1920378	1.0000	0.0041	0.0009	2.0355	0.0087
GTEX-14753	1049169	1.0000	2058813	1.0000	0.0026	0.0006	1.9623	0.0057
GTEX-1NV8Z	1031391	1.0000	2045982	1.0000	0.0052	0.0012	1.9837	0.0081
GTEX-14E6D	1030909	1.0000	2037915	1.0000	0.0036	-nan	1.9768	0.0061
GTEX-1KAFJ	1257613	1.0000	2033592	1.0000	0.0038	0.0010	1.6170	0.0031
GTEX-ZVE1	1018100	1.0000	2011715	1.0000	0.0031	-nan	1.9760	0.0057
GTEX-13111	862192	1.0000	1759936	1.0000	0.0022	0.0005	2.0412	0.0085
GTEX-Z9EW	1029503	1.0000	2023100	1.0000	0.0030	0.0007	1.9651	0.0081
GTEX-1PIGE	1052032	1.0000	2464456	1.0000	0.0044	0.0011	2.3426	0.0045
GTEX-1N5O9	1047308	1.0000	2078054	1.0000	0.0037	-nan	1.9842	0.0068
GTEX-U4B1	1063666	1.0000	2087131	1.0000	0.0041	-nan	1.9622	0.0079
GTEX-WCDI	1112864	1.0000	2754786	1.0000	0.0037	0.0010	2.4754	0.0080
GTEX-POMQ	1064892	1.0000	2769775	1.0000	0.0022	0.0006	2.6010	0.0043
GTEX-ZAKK	1072645	1.0000	2716074	1.0000	0.0033	0.0009	2.5321	0.0070
GTEX-1R7EV	1011909	1.0000	2002089	1.0000	0.0044	0.0010	1.9785	0.0076
GTEX-R53T	1042554	1.0000	2346164	1.0000	0.0045	0.0011	2.2504	0.0060
GTEX-OIZG	1104032	1.0000	2172637	1.0000	0.0022	0.0005	1.9679	0.0037
GTEX-13O3Q	1029123	1.0000	1999617	1.0000	0.0035	0.0008	1.9430	0.0061
GTEX-T8EM	1043627	1.0000	2098910	1.0000	0.0039	-nan	2.0112	0.0072
GTEX-1PPH8	1087127	1.0000	2749574	1.0000	0.0041	0.0011	2.5292	0.0045
GTEX-13CF2	1012723	1.0000	2075635	1.0000	0.0025	0.0006	2.0496	0.0075
GTEX-1C64O	1158439	1.0000	2823970	1.0000	0.0035	-nan	2.4377	0.0070
GTEX-1N2DV	1076749	1.0000	2811181	1.0000	0.0030	-nan	2.6108	0.0056
GTEX-13FHP	1024228	1.0000	2612022	1.0000	0.0038	0.0010	2.5502	0.0075
GTEX-PX3G	1002021	1.0000	2007780	1.0000	0.0043	0.0010	2.0037	0.0070
GTEX-1JMQK	1034130	1.0000	1983631	1.0000	0.0042	0.0010	1.9182	0.0077
GTEX-1AX9K	960299	1.0000	1996947	1.0000	0.0029	0.0007	2.0795	0.0079
GTEX-12ZZX	886747	1.0000	1890512	1.0000	0.0042	0.0009	2.1320	0.0070
GTEX-1GN1U	959381	1.0000	1878960	1.0000	0.0044	0.0011	1.9585	0.0094
GTEX-W5WG	1082481	1.0000	2093502	1.0000	0.0048	-nan	1.9340	0.0064
GTEX-14C39	966900	1.0000	1919153	1.0000	0.0038	-nan	1.9849	0.0082
GTEX-1IDJF	1093633	1.0000	2155811	1.0000	0.0042	0.0010	1.9712	0.0042
GTEX-1IDJD	1062041	1.0000	2093734	1.0000	0.0048	0.0011	1.9714	0.0067
GTEX-1O97I	1094832	1.0000	2123845	1.0000	0.0052	-nan	1.9399	0.0057
GTEX-1B932	919972	1.0000	1789096	1.0000	0.0027	0.0006	1.9447	0.0073
GTEX-1AMFI	1008013	1.0000	1947089	1.0000	0.0040	-nan	1.9316	0.0080
GTEX-14E6E	938236	1.0000	1830932	1.0000	0.0032	0.0007	1.9515	0.0111
GTEX-1A8G6	1056029	1.0000	2068023	1.0000	0.0039	-nan	1.9583	0.0058
GTEX-1CB4E	1101688	1.0000	2107508	1.0000	0.0041	0.0010	1.9130	0.0062
GTEX-15UF7	867084	1.0000	1767272	1.0000	0.0099	0.0028	2.0382	0.0116
GTEX-P78B	1082435	1.0000	2164468	1.0000	0.0025	0.0006	1.9996	0.0039
GTEX-1QP9N	949808	1.0000	1994007	1.0000	0.0051	0.0012	2.0994	0.0056
GTEX-13PVR	987409	1.0000	1977709	1.0000	0.0045	-nan	2.0029	0.0084
GTEX-1128S	1017502	1.0000	1996392	1.0000	0.0042	-nan	1.9621	0.0071
GTEX-1211K	996821	1.0000	1949778	1.0000	0.0043	0.0011	1.9560	0.0035
GTEX-1KANC	1206015	1.0000	2909771	1.0000	0.0028	-nan	2.4127	0.0045
GTEX-11UD1	927482	1.0000	2308063	1.0000	0.0147	0.0059	2.4885	0.0076
GTEX-17EVP	992452	1.0000	1921008	1.0000	0.0041	0.0009	1.9356	0.0102
GTEX-11GSO	878967	1.0000	1781081	1.0000	0.0031	-nan	2.0263	0.0061
GTEX-QDT8	1049269	1.0000	2063953	1.0000	0.0030	0.0007	1.9670	0.0052
GTEX-UTHO	1059953	1.0000	2061922	1.0000	0.0055	-nan	1.9453	0.0068
GTEX-O5YW	1081763	1.0000	2186038	1.0000	0.0064	-nan	2.0208	0.0045
GTEX-XYKS	1169380	1.0000	2826558	1.0000	0.0019	0.0005	2.4171	0.0044
GTEX-S4UY	1076481	1.0000	2185789	1.0000	0.0019	0.0005	2.0305	0.0044
GTEX-ZYW4	1130290	1.0000	1802740	1.0000	0.0027	0.0007	1.5949	0.0069
GTEX-1GF9X	978545	1.0000	2027470	1.0000	0.0033	0.0008	2.0719	0.0088
GTEX-1PPH7	1094426	1.0000	2158380	1.0000	0.0043	0.0010	1.9722	0.0052
GTEX-12WSL	1040120	1.0000	2019436	1.0000	0.0027	0.0006	1.9415	0.0066
GTEX-13QJ3	1010672	1.0000	1995550	1.0000	0.0031	-nan	1.9745	0.0067
GTEX-1KWVE	1103287	1.0000	2153865	1.0000	0.0040	0.0010	1.9522	0.0052
GTEX-11EM3	801458	1.0000	1604862	1.0000	0.0038	0.0009	2.0024	0.0093
GTEX-RTLS	1031486	1.0000	2002294	1.0000	0.0038	0.0009	1.9412	0.0080
GTEX-ZLWG	981061	1.0000	2499306	1.0000	0.0030	0.0007	2.5476	0.0083
GTEX-1RAZA	1040992	1.0000	2049394	1.0000	0.0049	0.0012	1.9687	0.0033
GTEX-131XW	914396	1.0000	1808226	1.0000	0.0036	-nan	1.9775	0.0078
GTEX-17F96	1004886	1.0000	2002490	1.0000	0.0041	0.0009	1.9928	0.0073
GTEX-WYBS	1079012	1.0000	2075666	1.0000	0.0035	0.0009	1.9237	0.0047
GTEX-WFG7	1064940	1.0000	2121256	1.0000	0.0047	-nan	1.9919	0.0070
GTEX-11WQC	935596	1.0000	2325813	1.0000	0.0026	-nan	2.4859	0.0091
GTEX-1LG7Y	1074567	1.0000	2135890	1.0000	0.0035	0.0008	1.9877	0.0062
GTEX-139TU	1068650	1.0000	2149568	1.0000	0.0046	0.0011	2.0115	0.0050
GTEX-UPJH	1075477	1.0000	2104711	1.0000	0.0041	0.0010	1.9570	0.0059
GTEX-PVOW	1069760	1.0000	2121327	1.0000	0.0033	-nan	1.9830	0.0057
GTEX-14PKU	984631	1.0000	1907258	1.0000	0.0034	-nan	1.9370	0.0088
GTEX-XPT6	1054206	1.0000	2087269	1.0000	0.0041	0.0009	1.9799	0.0075
GTEX-15D1Q	951782	1.0000	1901256	1.0000	0.0033	-nan	1.9976	0.0069
GTEX-NL3H	1086138	1.0000	2624380	1.0000	0.0021	0.0005	2.4162	0.0053
GTEX-Y8LW	930096	1.0000	1803978	1.0000	0.0043	0.0010	1.9396	0.0117
GTEX-RU1J	1108616	1.0000	2777123	1.0000	0.0045	-nan	2.5050	0.0058
GTEX-11GSP	878890	1.0000	1754050	1.0000	0.0034	0.0008	1.9958	0.0061
GTEX-X4EP	1061697	1.0000	2090587	1.0000	0.0057	0.0014	1.9691	0.0082
GTEX-TMMY	1043501	1.0000	2053924	1.0000	0.0043	0.0010	1.9683	0.0088
GTEX-139YR	982830	1.0000	1927560	1.0000	0.0041	0.0010	1.9612	0.0108
GTEX-11TUW	1028954	1.0000	2058935	1.0000	0.0097	0.0028	2.0010	0.0062
GTEX-ZVT3	986422	1.0000	1941770	1.0000	0.0035	0.0008	1.9685	0.0078
GTEX-145MO	1109977	1.0000	2188107	1.0000	0.0046	-nan	1.9713	0.0023
GTEX-15RJE	946319	1.0000	1845276	1.0000	0.0042	-nan	1.9500	0.0105
GTEX-14BIM	896741	1.0000	1785679	1.0000	0.0041	-nan	1.9913	0.0080
GTEX-ZYVF	1009230	1.0000	1999261	1.0000	0.0034	0.0008	1.9810	0.0068
GTEX-131XF	980114	1.0000	2286120	1.0000	0.0034	0.0008	2.3325	0.0080
GTEX-11LCK	950657	1.0000	1874556	1.0000	0.0038	0.0009	1.9719	0.0072
GTEX-1445S	1069739	1.0000	2160095	1.0000	0.0044	0.0010	2.0193	0.0053
GTEX-16NPV	977831	1.0000	1905489	1.0000	0.0036	0.0008	1.9487	0.0071
GTEX-1GTWX	957199	1.0000	1885163	1.0000	0.0041	0.0010	1.9695	0.0080
GTEX-ZAK1	1080410	1.0000	2143997	1.0000	0.0054	0.0013	1.9844	0.0050
GTEX-XMK1	1055917	1.0000	2095594	1.0000	0.0054	0.0013	1.9846	0.0080
GTEX-1S82P	1101112	1.0000	2168333	1.0000	0.0051	0.0012	1.9692	0.0040
GTEX-QDVN	1068093	1.0000	2099910	1.0000	0.0053	-nan	1.9660	0.0062
GTEX-1E1VI	947038	1.0000	1880913	1.0000	0.0043	-nan	1.9861	0.0076
GTEX-14PJP	1019805	1.0000	2026494	1.0000	0.0037	0.0009	1.9871	0.0093
GTEX-1QAET	1061003	1.0000	2044286	1.0000	0.0049	-nan	1.9267	0.0060
GTEX-1GN2E	999081	1.0000	1988363	1.0000	0.0039	-nan	1.9902	0.0071
GTEX-ZZ64	1009471	1.0000	1992353	1.0000	0.0029	0.0007	1.9737	0.0077
GTEX-147GR	1000396	1.0000	2014246	1.0000	0.0034	-nan	2.0134	0.0075
GTEX-ZPCL	949384	1.0000	1873379	1.0000	0.0035	0.0008	1.9733	0.0095
GTEX-1B996	972485	1.0000	1903766	1.0000	0.0043	-nan	1.9576	0.0075
GTEX-1JMLX	1058117	1.0000	2677252	1.0000	0.0039	0.0011	2.5302	0.0072
GTEX-13OW5	850574	1.0000	1707257	1.0000	0.0024	0.0005	2.0072	0.0095
GTEX-17F9E	1038596	1.0000	2019496	1.0000	0.0030	-nan	1.9444	0.0071
GTEX-14E1K	1039370	1.0000	2689049	1.0000	0.0028	0.0007	2.5872	0.0068
GTEX-VUSG	1107066	1.0000	2147239	1.0000	0.0038	0.0009	1.9396	0.0041
GTEX-1AX9I	995935	1.0000	1964483	1.0000	0.0033	-nan	1.9725	0.0080
GTEX-18A6Q	1057149	1.0000	2116394	1.0000	0.0051	0.0012	2.0020	0.0074
GTEX-1M5QR	1049179	1.0000	2107918	1.0000	0.0049	0.0011	2.0091	0.0074
GTEX-1NV5F	1035058	1.0000	2057910	1.0000	0.0045	0.0011	1.9882	0.0081
GTEX-1OFPY	1057639	1.0000	2126214	1.0000	0.0040	0.0010	2.0103	0.0075
GTEX-R55G	1047624	1.0000	2071485	1.0000	0.0051	0.0011	1.9773	0.0081
GTEX-12ZZY	1027558	1.0000	2008317	1.0000	0.0043	-nan	1.9545	0.0069
GTEX-1PDJ9	1091862	1.0000	2143787	1.0000	0.0037	0.0009	1.9634	0.0049
GTEX-14ASI	1145528	1.0000	2894782	1.0000	0.0043	-nan	2.5270	0.0026
GTEX-WWYW	1048173	1.0000	2078881	1.0000	0.0055	0.0013	1.9833	0.0087
GTEX-S4P3	1088658	1.0000	2153164	1.0000	0.0024	0.0006	1.9778	0.0040
GTEX-X585	1165849	1.0000	2835357	1.0000	0.0107	-nan	2.4320	0.0051
GTEX-11ZTS	982983	1.0000	1961613	1.0000	0.0031	-nan	1.9956	0.0076
GTEX-XMD2	963874	1.0000	1924548	1.0000	0.0034	0.0008	1.9967	0.0091
GTEX-1NUQO	1060267	1.0000	2096202	1.0000	0.0053	0.0012	1.9771	0.0069
GTEX-17HHE	961401	1.0000	2195559	1.0000	0.0035	0.0008	2.2837	0.0086
GTEX-1K2DU	968916	1.0000	1981231	1.0000	0.0063	0.0017	2.0448	0.0076
GTEX-12ZZZ	993124	1.0000	1959641	1.0000	0.0026	-nan	1.9732	0.0059
GTEX-16BQI	846578	1.0000	1694071	1.0000	0.0036	0.0008	2.0011	0.0103
GTEX-17F97	888467	1.0000	1756125	1.0000	0.0033	0.0007	1.9766	0.0106
GTEX-11P7K	989214	1.0000	2449463	1.0000	0.0034	0.0009	2.4762	0.0089
GTEX-X261	1049699	1.0000	2056887	1.0000	0.0051	0.0012	1.9595	0.0077
GTEX-1JMQL	908970	1.0000	2338634	1.0000	0.0045	-nan	2.5728	0.0076
GTEX-14PJ2	898374	1.0000	1815445	1.0000	0.0045	0.0011	2.0208	0.0073
GTEX-XUW1	1092678	1.0000	2153459	1.0000	0.0023	0.0005	1.9708	0.0040
GTEX-U3ZG	1060703	1.0000	2066033	1.0000	0.0084	0.0025	1.9478	0.0089
GTEX-17EVQ	944867	1.0000	1907258	1.0000	0.0036	0.0008	2.0185	0.0110
GTEX-1JKYR	947119	1.0000	1872835	1.0000	0.0046	-nan	1.9774	0.0069
GTEX-WY7C	1084068	1.0000	2142771	1.0000	0.0089	0.0026	1.9766	0.0043
GTEX-PWN1	1078629	1.0000	2144626	1.0000	0.0022	0.0005	1.9883	0.0050
GTEX-13OVG	1030071	1.0000	2054011	1.0000	0.0029	0.0006	1.9940	0.0062
GTEX-11XUK	1000390	1.0000	1981613	1.0000	0.0032	0.0007	1.9808	0.0072
GTEX-15G1A	971979	1.0000	1904146	1.0000	0.0038	-nan	1.9590	0.0081
GTEX-1QCLY	1198740	1.0000	2877027	1.0000	0.0033	-nan	2.4000	0.0037
GTEX-1GL5R	950633	1.0000	1852583	1.0000	0.0033	0.0008	1.9488	0.0077
GTEX-QV44	1076761	1.0000	2086316	1.0000	0.0039	0.0009	1.9376	0.0059
GTEX-1S82Z	1108867	1.0000	2159660	1.0000	0.0038	0.0009	1.9476	0.0022
GTEX-1A32A	965147	1.0000	1867881	1.0000	0.0040	0.0009	1.9353	0.0081
GTEX-Y9LG	960135	1.0000	1887312	1.0000	0.0040	0.0009	1.9657	0.0082
GTEX-WHWD	1087678	1.0000	2139511	1.0000	0.0073	-nan	1.9670	0.0093
GTEX-1MJK3	1098663	1.0000	2177747	1.0000	0.0041	-nan	1.9822	0.0046
GTEX-18A7B	1016378	1.0000	1987878	1.0000	0.0051	0.0012	1.9558	0.0083
GTEX-1399Q	1016182	1.0000	1982895	1.0000	0.0039	-nan	1.9513	0.0087
GTEX-11EQ9	846733	1.0000	1704511	1.0000	0.0037	-nan	2.0130	0.0066
GTEX-14PJ4	932039	1.0000	1859779	1.0000	0.0033	-nan	1.9954	0.0067
GTEX-1A3MW	916616	1.0000	1828633	1.0000	0.0048	-nan	1.9950	0.0102
GTEX-ZTPG	975196	1.0000	1954769	1.0000	0.0035	0.0008	2.0045	0.0070
GTEX-PLZ4	976464	1.0000	2014117	1.0000	0.0026	0.0007	2.0627	0.0087
GTEX-14PJ5	928535	1.0000	1818295	1.0000	0.0031	-nan	1.9582	0.0078
GTEX-1EH9U	950034	1.0000	1886814	1.0000	0.0043	-nan	1.9860	0.0072
GTEX-15SDE	983794	1.0000	2521332	1.0000	0.0025	0.0006	2.5629	0.0114
GTEX-SNMC	1066931	1.0000	2106978	1.0000	0.0053	0.0013	1.9748	0.0041
GTEX-T5JW	1052673	1.0000	2091053	1.0000	0.0051	0.0012	1.9864	0.0077
GTEX-N7MT	1080011	1.0000	2130288	1.0000	0.0028	0.0006	1.9725	0.0041
GTEX-1497J	1002016	1.0000	2513570	1.0000	0.0027	-nan	2.5085	0.0065
GTEX-1CAMS	1136236	1.0000	1800761	1.0000	0.0032	0.0009	1.5848	0.0104
GTEX-1LVAO	1072964	1.0000	2130663	1.0000	0.0038	-nan	1.9858	0.0060
GTEX-13X6I	960078	1.0000	1894801	1.0000	0.0034	0.0008	1.9736	0.0097
GTEX-U8T8	1016362	1.0000	1966023	1.0000	0.0033	0.0008	1.9344	0.0072
GTEX-1F48J	898309	1.0000	1850035	1.0000	0.0040	-nan	2.0595	0.0082
GTEX-Q2AH	1062963	1.0000	2748903	1.0000	0.0024	0.0006	2.5861	0.0060
GTEX-R55C	1050887	1.0000	2084959	1.0000	0.0046	0.0011	1.9840	0.0080
GTEX-17HII	954442	1.0000	1897560	1.0000	0.0034	0.0008	1.9881	0.0085
GTEX-1AX8Z	966655	1.0000	1952504	1.0000	0.0034	-nan	2.0199	0.0070
GTEX-14JG6	997693	1.0000	1960647	1.0000	0.0041	-nan	1.9652	0.0096
GTEX-XGQ4	1087661	1.0000	2150432	1.0000	0.0053	-nan	1.9771	0.0056
GTEX-133LE	999299	1.0000	1940410	1.0000	0.0041	-nan	1.9418	0.0083
GTEX-1GF9V	983085	1.0000	1967641	1.0000	0.0045	0.0011	2.0015	0.0086
GTEX-145MH	996591	1.0000	2003533	1.0000	0.0041	0.0010	2.0104	0.0082
GTEX-148VI	976346	1.0000	1957638	1.0000	0.0030	-nan	2.0051	0.0082
GTEX-ZTSS	973728	1.0000	1913017	1.0000	0.0033	-nan	1.9646	0.0084
GTEX-1A8FM	1039664	1.0000	2047187	1.0000	0.0136	-nan	1.9691	0.0083
GTEX-13X6H	940985	1.0000	1826338	1.0000	0.0037	0.0008	1.9409	0.0082
GTEX-P4PQ	1083999	1.0000	2188261	1.0000	0.0029	0.0007	2.0187	0.0051
GTEX-1QP67	1096513	1.0000	2149556	1.0000	0.0045	0.0011	1.9604	0.0056
GTEX-ZT9W	964735	1.0000	1849252	1.0000	0.0037	0.0009	1.9168	0.0106
GTEX-RM2N	1050119	1.0000	2069444	1.0000	0.0046	-nan	1.9707	0.0083
GTEX-RVPV	976444	1.0000	1974241	1.0000	0.0034	-nan	2.0219	0.0076
GTEX-R55E	1063795	1.0000	2139189	1.0000	0.0038	-nan	2.0109	0.0046
GTEX-14B4R	963369	1.0000	1950955	1.0000	0.0032	-nan	2.0251	0.0089
GTEX-ZC5H	911719	1.0000	1821248	1.0000	0.0043	0.0010	1.9976	0.0094
GTEX-11VI4	946459	1.0000	1854058	1.0000	0.0036	0.0008	1.9589	0.0082
GTEX-S7SE	1041693	1.0000	2088595	1.0000	0.0030	0.0008	2.0050	0.0065
GTEX-14JFF	1080217	1.0000	2224079	1.0000	0.0046	-nan	2.0589	0.0050
GTEX-XLM4	1040387	1.0000	2031331	1.0000	0.0044	0.0010	1.9525	0.0065
GTEX-13D11	1008117	1.0000	2014194	1.0000	0.0044	-nan	1.9980	0.0065
GTEX-SN8G	1085304	1.0000	2164316	1.0000	0.0025	-nan	1.9942	0.0042
GTEX-15SHV	961570	1.0000	1924356	1.0000	0.0029	-nan	2.0013	0.0080
GTEX-1QCLZ	1102302	1.0000	2138745	1.0000	0.0042	0.0010	1.9403	0.0043
GTEX-183FY	1027429	1.0000	1995926	1.0000	0.0044	0.0011	1.9426	0.0072
GTEX-15DCD	964641	1.0000	1929246	1.0000	0.0037	0.0009	2.0000	0.0097
GTEX-13CIG	914691	1.0000	1819637	1.0000	0.0032	0.0007	1.9893	0.0080
GTEX-R3RS	1037427	1.0000	2080757	1.0000	0.0165	0.0055	2.0057	0.0073
GTEX-1O9I2	1064529	1.0000	2089478	1.0000	0.0038	0.0009	1.9628	0.0065
GTEX-13NZ9	1165605	1.0000	1893823	1.0000	0.0025	-nan	1.6248	0.0070
GTEX-ZWKS	775983	1.0000	1532863	1.0000	0.0037	0.0008	1.9754	0.0104
GTEX-145MF	929129	1.0000	1866543	1.0000	0.0035	0.0008	2.0089	0.0096
GTEX-ZZPT	1038154	1.0000	2018529	1.0000	0.0034	0.0008	1.9443	0.0069
GTEX-13VXT	1047769	1.0000	2639462	1.0000	0.0023	-nan	2.5191	0.0069
GTEX-13FTZ	1008268	1.0000	2016267	1.0000	0.0027	0.0006	1.9997	0.0069
GTEX-ZAJG	975890	1.0000	2450599	1.0000	0.0031	0.0009	2.5111	0.0101
GTEX-1ICLY	1108543	1.0000	2160853	1.0000	0.0046	-nan	1.9493	0.0036
GTEX-T2YK	1099262	1.0000	2772168	1.0000	0.0041	-nan	2.5218	0.0073
GTEX-1RAZR	958282	1.0000	1857523	1.0000	0.0050	-nan	1.9384	0.0046
GTEX-Z93S	1017977	1.0000	1979489	1.0000	0.0028	0.0007	1.9445	0.0085
GTEX-13FXS	1097166	1.0000	2736226	1.0000	0.0028	-nan	2.4939	0.0081
GTEX-1P4AB	1080408	1.0000	2144314	1.0000	0.0043	0.0010	1.9847	0.0058
GTEX-13PL6	963537	1.0000	2078810	1.0000	0.0033	-nan	2.1575	0.0079
GTEX-1LGOU	1087210	1.0000	2111031	1.0000	0.0042	0.0010	1.9417	0.0058
GTEX-1LC47	1083937	1.0000	2125946	1.0000	0.0044	0.0010	1.9613	0.0052
GTEX-13FTW	1003568	1.0000	2016457	1.0000	0.0047	0.0011	2.0093	0.0068
GTEX-1C6VR	898882	1.0000	1838110	1.0000	0.0037	0.0009	2.0449	0.0069
GTEX-1OJC3	1055828	1.0000	2671800	1.0000	0.0035	-nan	2.5305	0.0051
GTEX-ZYT6	998285	1.0000	1998298	1.0000	0.0036	0.0008	2.0017	0.0081
GTEX-14H4A	1052399	1.0000	2010704	1.0000	0.0029	0.0007	1.9106	0.0067
GTEX-SUCS	1070244	1.0000	2059862	1.0000	0.0053	0.0012	1.9247	0.0064
GTEX-1CB4J	990372	1.0000	1920225	1.0000	0.0044	0.0010	1.9389	0.0086
GTEX-1EMGI	1118546	1.0000	2818621	1.0000	0.0036	-nan	2.5199	0.0061
GTEX-1R9PO	1027055	1.0000	2091794	1.0000	0.0042	-nan	2.0367	0.0060
GTEX-11ZU8	1132231	1.0000	2130315	1.0000	0.0045	0.0011	1.8815	0.0038
GTEX-14PJM	998771	1.0000	1931408	1.0000	0.0034	-nan	1.9338	0.0066
GTEX-YEC3	995627	1.0000	1969828	1.0000	0.0036	0.0008	1.9785	0.0080
GTEX-17F9Y	984818	1.0000	1966910	1.0000	0.0030	-nan	1.9972	0.0087
GTEX-S4Z8	1085065	1.0000	2170031	1.0000	0.0025	0.0006	1.9999	0.0043
GTEX-17GQL	1036321	1.0000	2007692	1.0000	0.0033	0.0007	1.9373	0.0107
GTEX-1JMQJ	1090431	1.0000	2144684	1.0000	0.0037	0.0009	1.9668	0.0054
GTEX-RUSQ	1101645	1.0000	2148683	1.0000	0.0023	-nan	1.9504	0.0033
GTEX-1OJC4	942230	1.0000	1852801	1.0000	0.0048	-nan	1.9664	0.0061
GTEX-1B933	967805	1.0000	1892312	1.0000	0.0042	0.0010	1.9553	0.0083
GTEX-U3ZN	1052646	1.0000	2091638	1.0000	0.0040	0.0009	1.9870	0.0075
GTEX-1C4CL	1031794	1.0000	1737665	1.0000	0.0029	-nan	1.6841	0.0084
GTEX-1GPI7	1103456	1.0000	2150259	1.0000	0.0048	0.0012	1.9487	0.0033
GTEX-17MFQ	906027	1.0000	1799744	1.0000	0.0037	0.0008	1.9864	0.0068
GTEX-T6MN	1050173	1.0000	2106749	1.0000	0.0043	0.0010	2.0061	0.0079
GTEX-13W3W	950778	1.0000	1891345	1.0000	0.0025	-nan	1.9893	0.0076
GTEX-ZVZP	1059654	1.0000	2050410	1.0000	0.0032	-nan	1.9350	0.0059
GTEX-1MCC2	1008064	1.0000	2609300	1.0000	0.0047	-nan	2.5884	0.0085
GTEX-1F6I4	954297	1.0000	2454149	1.0000	0.0037	0.0010	2.5717	0.0083
GTEX-13CZU	1015518	1.0000	2031453	1.0000	0.0045	0.0010	2.0004	0.0073
GTEX-OOBJ	1167943	1.0000	2848333	1.0000	0.0032	0.0009	2.4388	0.0046
GTEX-12ZZW	1039722	1.0000	2006807	1.0000	0.0028	-nan	1.9301	0.0062
GTEX-13IVO	844066	1.0000	1634250	1.0000	0.0040	0.0009	1.9362	0.0127
GTEX-13G51	980216	1.0000	1978200	1.0000	0.0029	0.0007	2.0181	0.0078
GTEX-ZP4G	961750	1.0000	1926552	1.0000	0.0036	-nan	2.0032	0.0070
GTEX-11ZVC	968483	1.0000	1916203	1.0000	0.0035	0.0008	1.9786	0.0115
GTEX-14PJ3	963055	1.0000	2054217	1.0000	0.0038	0.0009	2.1330	0.0094
GTEX-1PIEJ	1089291	1.0000	2199141	1.0000	0.0039	-nan	2.0189	0.0046
GTEX-ZF2S	940908	1.0000	1852634	1.0000	0.0035	0.0008	1.9690	0.0066
GTEX-1399T	1071401	1.0000	2134317	1.0000	0.0040	-nan	1.9921	0.0055
GTEX-17EUY	925660	1.0000	2289291	1.0000	0.0033	-nan	2.4731	0.0073
GTEX-14BMV	942444	1.0000	1813671	1.0000	0.0043	0.0010	1.9244	0.0097
GTEX-131YS	1099197	1.0000	2198564	1.0000	0.0046	-nan	2.0002	0.0025
GTEX-XUYS	1152574	1.0000	2857233	1.0000	0.0037	-nan	2.4790	0.0047
GTEX-14PHX	972247	1.0000	1898405	1.0000	0.0034	-nan	1.9526	0.0084
GTEX-QEL4	1039034	1.0000	2074718	1.0000	0.0054	0.0013	1.9968	0.0064
GTEX-11DZ1	948642	1.0000	1855533	1.0000	0.0044	0.0011	1.9560	0.0040
GTEX-15EO6	1005386	1.0000	2013080	1.0000	0.0037	-nan	2.0023	0.0081
GTEX-1ICG6	1094639	1.0000	2164983	1.0000	0.0041	0.0010	1.9778	0.0047
GTEX-111CU	936537	1.0000	1890032	1.0000	0.0034	0.0008	2.0181	0.0072
GTEX-OHPN	1100755	1.0000	2200251	1.0000	0.0026	-nan	1.9989	0.0027
GTEX-QESD	1066577	1.0000	2070814	1.0000	0.0047	-nan	1.9416	0.0072
GTEX-12WSJ	1014777	1.0000	1973894	1.0000	0.0046	0.0011	1.9452	0.0079
GTEX-144GL	1071616	1.0000	2107814	1.0000	0.0043	0.0010	1.9669	0.0064
GTEX-ZVT4	1012280	1.0000	1994770	1.0000	0.0025	0.0006	1.9706	0.0067
GTEX-1GN1W	973132	1.0000	1913153	1.0000	0.0039	0.0009	1.9660	0.0103
GTEX-1GMRU	991525	1.0000	1889299	1.0000	0.0032	0.0007	1.9054	0.0079
GTEX-12WSG	870207	1.0000	1744608	1.0000	0.0046	-nan	2.0048	0.0056
GTEX-UPK5	1063063	1.0000	2097304	1.0000	0.0057	-nan	1.9729	0.0059
GTEX-13QJC	910419	1.0000	1794677	1.0000	0.0046	-nan	1.9713	0.0086
GTEX-WWTW	1014500	1.0000	1983743	1.0000	0.0052	0.0013	1.9554	0.0061
GTEX-13O3P	998962	1.0000	1997465	1.0000	0.0058	0.0013	1.9995	0.0061
GTEX-XAJ8	1063180	1.0000	2158927	1.0000	0.0046	-nan	2.0306	0.0056
GTEX-1PFEY	1102358	1.0000	2183741	1.0000	0.0039	0.0009	1.9810	0.0043
GTEX-RWSA	1087554	1.0000	2160058	1.0000	0.0023	0.0005	1.9862	0.0042
GTEX-16MT9	911092	1.0000	1855295	1.0000	0.0098	0.0030	2.0363	0.0102
GTEX-U3ZH	1048478	1.0000	2132252	1.0000	0.0045	0.0010	2.0337	0.0078
GTEX-X5EB	1083461	1.0000	2133192	1.0000	0.0050	-nan	1.9689	0.0055
GTEX-1S5VW	1077984	1.0000	2127400	1.0000	0.0038	0.0009	1.9735	0.0061
GTEX-16NPX	1017720	1.0000	2019463	1.0000	0.0036	-nan	1.9843	0.0070
GTEX-1QP28	1096305	1.0000	2115354	1.0000	0.0044	0.0010	1.9295	0.0057
GTEX-13O21	1019174	1.0000	2020072	1.0000	0.0027	0.0006	1.9821	0.0073
GTEX-14BIL	941351	1.0000	1910956	1.0000	0.0038	0.0009	2.0300	0.0074
GTEX-QCQG	1045319	1.0000	2095071	1.0000	0.0034	0.0008	2.0042	0.0059
GTEX-PWCY	1101071	1.0000	2148966	1.0000	0.0026	0.0006	1.9517	0.0039
GTEX-16XZY	953858	1.0000	1996911	1.0000	0.0034	0.0008	2.0935	0.0073
GTEX-SE5C	970727	1.0000	1905397	1.0000	0.0052	0.0014	1.9629	0.0085
GTEX-1IDJC	1104657	1.0000	2360568	1.0000	0.0046	0.0011	2.1369	0.0037
GTEX-111YS	1025434	1.0000	1981886	1.0000	0.0071	0.0022	1.9327	0.0075
GTEX-13OW6	1057075	1.0000	2042395	1.0000	0.0025	0.0006	1.9321	0.0066
GTEX-1QW4Y	1000295	1.0000	1971278	1.0000	0.0046	0.0011	1.9707	0.0060
GTEX-11EQ8	889877	1.0000	1757915	1.0000	0.0044	-nan	1.9755	0.0071
GTEX-12WSN	982951	1.0000	1944235	1.0000	0.0033	-nan	1.9780	0.0085
GTEX-ZYFG	990027	1.0000	1934788	1.0000	0.0038	-nan	1.9543	0.0073
GTEX-1JMOU	1093160	1.0000	2116549	1.0000	0.0036	0.0008	1.9362	0.0061
GTEX-1GZ4H	906708	1.0000	2420552	1.0000	0.0029	0.0007	2.6696	0.0087
GTEX-ZEX8	888764	1.0000	1825760	1.0000	0.0053	-nan	2.0543	0.0109
GTEX-1LG7Z	1106537	1.0000	2166071	1.0000	0.0039	0.0009	1.9575	0.0043
GTEX-15DYW	1008257	1.0000	1962735	1.0000	0.0044	0.0010	1.9467	0.0103
GTEX-13OW7	1065797	1.0000	2097500	1.0000	0.0045	0.0010	1.9680	0.0051
GTEX-1QP6S	1104874	1.0000	2172625	1.0000	0.0044	0.0010	1.9664	0.0034
GTEX-WOFL	1036433	1.0000	2016062	1.0000	0.0034	0.0008	1.9452	0.0082
GTEX-1B8SG	999701	1.0000	1929774	1.0000	0.0038	-nan	1.9304	0.0075
GTEX-15DDE	1053501	1.0000	2609327	1.0000	0.0034	-nan	2.4768	0.0089
GTEX-RN5K	1116069	1.0000	2148163	1.0000	0.0043	0.0010	1.9248	0.0038
GTEX-ZE7O	931569	1.0000	1842433	1.0000	0.0042	0.0009	1.9778	0.0087
GTEX-13S7M	1010452	1.0000	1959695	1.0000	0.0035	0.0008	1.9394	0.0080
GTEX-WHPG	1037168	1.0000	2190585	1.0000	0.0047	0.0011	2.1121	0.0077
GTEX-X4EO	1059018	1.0000	2083623	1.0000	0.0042	-nan	1.9675	0.0076
GTEX-14JIY	1030695	1.0000	2005365	1.0000	0.0047	-nan	1.9456	0.0081
GTEX-17JCI	970102	1.0000	1915685	1.0000	0.0028	-nan	1.9747	0.0078
GTEX-ZY6K	1065130	1.0000	2619538	1.0000	0.0026	0.0007	2.4594	0.0068
GTEX-13OVH	1033706	1.0000	2000241	1.0000	0.0025	0.0006	1.9350	0.0066
GTEX-1MCYP	1081472	1.0000	2137031	1.0000	0.0036	0.0008	1.9760	0.0068
GTEX-12WSE	947515	1.0000	1864510	1.0000	0.0038	-nan	1.9678	0.0069
GTEX-1477Z	789790	1.0000	1567152	1.0000	0.0033	0.0007	1.9843	0.0096
GTEX-WI4N	979964	1.0000	1928077	1.0000	0.0038	0.0008	1.9675	0.0108
GTEX-1R46S	1018510	1.0000	2004697	1.0000	0.0046	0.0011	1.9683	0.0059
GTEX-15CHQ	983006	1.0000	1980641	1.0000	0.0035	0.0008	2.0149	0.0076
GTEX-132Q8	1067406	1.0000	2114978	1.0000	0.0035	-nan	1.9814	0.0053
GTEX-1F88E	1066899	1.0000	2099256	1.0000	0.0050	0.0012	1.9676	0.0050
GTEX-1399U	1093653	1.0000	2185867	1.0000	0.0043	-nan	1.9987	0.0031
GTEX-1L5NE	1098539	1.0000	2204071	1.0000	0.0041	-nan	2.0064	0.0032
GTEX-TMZS	1051801	1.0000	2086660	1.0000	0.0050	0.0012	1.9839	0.0067
GTEX-12WSM	945865	1.0000	1870561	1.0000	0.0033	0.0008	1.9776	0.0078
GTEX-WOFM	1058521	1.0000	2093702	1.0000	0.0022	0.0005	1.9780	0.0061
GTEX-13JUV	1073895	1.0000	2728083	1.0000	0.0026	-nan	2.5404	0.0081
GTEX-1C6VQ	1061601	1.0000	2099000	1.0000	0.0047	0.0011	1.9772	0.0074
GTEX-1B97J	968515	1.0000	1887868	1.0000	0.0054	-nan	1.9492	0.0084
GTEX-WFG8	1085711	1.0000	2153874	1.0000	0.0050	0.0012	1.9838	0.0050
GTEX-13X6K	950261	1.0000	1848332	1.0000	0.0031	0.0007	1.9451	0.0092
GTEX-13SLW	999003	1.0000	2004085	1.0000	0.0032	-nan	2.0061	0.0069
GTEX-TML8	1011849	1.0000	2749946	1.0000	0.0042	-nan	2.7177	0.0074
GTEX-1S82Y	1066520	1.0000	2079846	1.0000	0.0037	0.0009	1.9501	0.0073
GTEX-1N2DW	1098920	1.0000	2149914	1.0000	0.0041	-nan	1.9564	0.0039
GTEX-11P82	990738	1.0000	1968361	1.0000	0.0035	0.0008	1.9868	0.0074
GTEX-1B8KE	1000310	1.0000	2010775	1.0000	0.0039	-nan	2.0102	0.0072
GTEX-145MI	962558	1.0000	1909744	1.0000	0.0035	0.0008	1.9840	0.0097
GTEX-14XAO	940359	1.0000	1841427	1.0000	0.0046	0.0010	1.9582	0.0114
GTEX-1IDFM	1099402	1.0000	2125496	1.0000	0.0052	-nan	1.9333	0.0054
GTEX-1JN6P	1036634	1.0000	2008675	1.0000	0.0065	0.0017	1.9377	0.0056
GTEX-1R9JW	1102057	1.0000	2186350	1.0000	0.0043	0.0010	1.9839	0.0038
GTEX-OIZF	1032238	1.0000	2040273	1.0000	0.0023	0.0005	1.9766	0.0066
GTEX-1399R	1090785	1.0000	2105677	1.0000	0.0044	-nan	1.9304	0.0040
GTEX-XBED	1043396	1.0000	2113073	1.0000	0.0048	0.0011	2.0252	0.0080
GTEX-139D8	1027569	1.0000	2045849	1.0000	0.0033	-nan	1.9910	0.0069
GTEX-Y5V5	1015213	1.0000	1965491	1.0000	0.0036	-nan	1.9360	0.0114
GTEX-145LU	1076738	1.0000	2172365	1.0000	0.0046	0.0011	2.0175	0.0049
GTEX-15G19	970100	1.0000	1923804	1.0000	0.0037	0.0009	1.9831	0.0063
GTEX-S3LF	1096119	1.0000	2164576	1.0000	0.0046	-nan	1.9748	0.0046
GTEX-ZZPU	947276	1.0000	1926837	1.0000	0.0083	0.0026	2.0341	0.0091
GTEX-18A66	1105917	1.0000	2187473	1.0000	0.0042	0.0010	1.9780	0.0034
GTEX-WHSE	1052513	1.0000	2120191	1.0000	0.0031	0.0008	2.0144	0.0046
GTEX-1CAMR	1008033	1.0000	2019439	1.0000	0.0046	0.0011	2.0033	0.0092
GTEX-1JMPY	1050888	1.0000	2704232	1.0000	0.0037	-nan	2.5733	0.0048
GTEX-1F6IF	1015405	1.0000	1999299	1.0000	0.0041	-nan	1.9690	0.0089
GTEX-14E6C	1025896	1.0000	2018181	1.0000	0.0042	-nan	1.9672	0.0085
GTEX-VJWN	1019398	1.0000	1998755	1.0000	0.0047	-nan	1.9607	0.0095
GTEX-15SHW	1003368	1.0000	2456922	1.0000	0.0037	-nan	2.4487	0.0109
GTEX-XPVG	943113	1.0000	1869800	1.0000	0.0032	0.0007	1.9826	0.0097
GTEX-1PWST	1075409	1.0000	2091491	1.0000	0.0039	0.0009	1.9448	0.0047
GTEX-113IC	1095703	1.0000	2805732	1.0000	0.0038	0.0010	2.5607	0.0051
GTEX-WL46	1067122	1.0000	2114682	1.0000	0.0055	-nan	1.9817	0.0052
GTEX-12WSF	997835	1.0000	1967817	1.0000	0.0033	-nan	1.9721	0.0085
GTEX-ZA64	878791	1.0000	1748051	1.0000	0.0029	0.0007	1.9892	0.0118
GTEX-1PBJI	1059033	1.0000	2100751	1.0000	0.0048	0.0012	1.9837	0.0065
GTEX-111VG	1038493	1.0000	1989381	1.0000	0.0026	0.0006	1.9156	0.0062
GTEX-1F75A	941541	1.0000	1825597	1.0000	0.0055	0.0014	1.9389	0.0082
GTEX-12WSK	951142	1.0000	1850999	1.0000	0.0035	-nan	1.9461	0.0074
GTEX-13113	1049649	1.0000	2764128	1.0000	0.0036	0.0009	2.6334	0.0065
GTEX-131XE	1001693	1.0000	2527450	1.0000	0.0028	-nan	2.5232	0.0090
GTEX-147JS	997701	1.0000	1963112	1.0000	0.0040	0.0009	1.9676	0.0091
GTEX-WVLH	1074729	1.0000	2099983	1.0000	0.0042	0.0010	1.9540	0.0060
GTEX-18D9U	1040667	1.0000	2279629	1.0000	0.0048	0.0011	2.1905	0.0075
GTEX-16MTA	911838	1.0000	1789053	1.0000	0.0033	0.0007	1.9620	0.0104
GTEX-1QP2A	1039838	1.0000	2019392	1.0000	0.0045	-nan	1.9420	0.0061
GTEX-13CZV	971116	1.0000	1919486	1.0000	0.0055	0.0012	1.9766	0.0085
GTEX-1RNTQ	1121357	1.0000	2779475	1.0000	0.0033	0.0009	2.4787	0.0071
GTEX-V1D1	1035757	1.0000	2076521	1.0000	0.0057	-nan	2.0048	0.0068
GTEX-1JN1M	985202	1.0000	1929162	1.0000	0.0051	0.0012	1.9581	0.0073
GTEX-U8XE	1045904	1.0000	2073583	1.0000	0.0045	-nan	1.9826	0.0075
GTEX-1POEN	1094712	1.0000	2167872	1.0000	0.0042	0.0010	1.9803	0.0045
GTEX-Y5LM	1033514	1.0000	1998734	1.0000	0.0034	0.0008	1.9339	0.0098
GTEX-13OVI	922422	1.0000	2372618	1.0000	0.0035	0.0009	2.5722	0.0087
GTEX-WFON	1049388	1.0000	2132557	1.0000	0.0048	0.0011	2.0322	0.0072
GTEX-1GN73	979905	1.0000	1957931	1.0000	0.0030	-nan	1.9981	0.0070
GTEX-ZDXO	997715	1.0000	1985247	1.0000	0.0038	-nan	1.9898	0.0085
GTEX-18D9A	1010531	1.0000	1987205	1.0000	0.0043	0.0010	1.9665	0.0075
GTEX-ZYFC	1065246	1.0000	2709390	1.0000	0.0025	0.0007	2.5434	0.0073
GTEX-NPJ7	1104187	1.0000	2111332	1.0000	0.0027	0.0006	1.9121	0.0040
GTEX-OIZH	1080708	1.0000	2191310	1.0000	0.0025	-nan	2.0277	0.0046
GTEX-13S86	1009702	1.0000	1961775	1.0000	0.0033	0.0007	1.9429	0.0069
GTEX-1LSNL	1086889	1.0000	2171118	1.0000	0.0042	0.0010	1.9976	0.0046
GTEX-1R9PN	1003736	1.0000	2012470	1.0000	0.0043	0.0010	2.0050	0.0040
GTEX-1RNSC	1117350	1.0000	2144178	1.0000	0.0043	-nan	1.9190	0.0035
GTEX-1B8SF	983262	1.0000	1922495	1.0000	0.0043	-nan	1.9552	0.0087
GTEX-12WSI	1067020	1.0000	2098318	1.0000	0.0042	0.0010	1.9665	0.0044
GTEX-14PQA	987245	1.0000	1966652	1.0000	0.0037	-nan	1.9921	0.0074
GTEX-ZAB5	968182	1.0000	1852680	1.0000	0.0037	0.0008	1.9136	0.0087
GTEX-15CHR	975124	1.0000	1939307	1.0000	0.0046	0.0011	1.9888	0.0078
GTEX-1B8KZ	954396	1.0000	1866888	1.0000	0.0040	0.0010	1.9561	0.0076
GTEX-PWO3	1102238	1.0000	2149803	1.0000	0.0032	0.0008	1.9504	0.0034
GTEX-13NYC	892111	1.0000	1765810	1.0000	0.0023	0.0005	1.9794	0.0099
GTEX-12696	1060445	1.0000	2088061	1.0000	0.0046	0.0011	1.9690	0.0051
GTEX-11TT1	920737	1.0000	2297449	1.0000	0.0029	0.0007	2.4952	0.0072
GTEX-ZVT2	963333	1.0000	1891762	1.0000	0.0030	0.0007	1.9638	0.0084
GTEX-ZUA1	993137	1.0000	1971015	1.0000	0.0032	-nan	1.9846	0.0069
GTEX-P4PP	1061701	1.0000	2079675	1.0000	0.0026	0.0006	1.9588	0.0065
GTEX-15SZO	896370	1.0000	1719455	1.0000	0.0113	0.0039	1.9182	0.0093
GTEX-11OF3	1092988	1.0000	2149183	1.0000	0.0042	0.0010	1.9663	0.0047
GTEX-YJ8O	1052658	1.0000	2058089	1.0000	0.0054	0.0013	1.9551	0.0063
GTEX-Z93T	1177895	1.0000	2848710	1.0000	0.0035	-nan	2.4185	0.0051
GTEX-1CB4H	1056926	1.0000	2053306	1.0000	0.0047	-nan	1.9427	0.0060
GTEX-14BIN	949095	1.0000	1927442	1.0000	0.0035	0.0009	2.0308	0.0058
GTEX-16NGA	798126	1.0000	2015533	1.0000	0.0040	0.0010	2.5253	0.0113
GTEX-131XH	1243567	1.0000	2870241	1.0000	0.0036	-nan	2.3081	0.0030
GTEX-13N11	1086194	1.0000	2669582	1.0000	0.0023	-nan	2.4577	0.0077
GTEX-ZXES	1032530	1.0000	2048943	1.0000	0.0032	0.0007	1.9844	0.0058
GTEX-111FC	973396	1.0000	2028853	1.0000	0.0034	-nan	2.0843	0.0078
GTEX-1NSGN	1149403	1.0000	2820777	1.0000	0.0031	0.0009	2.4541	0.0066
GTEX-1MGNQ	1084048	1.0000	2213821	1.0000	0.0037	0.0009	2.0422	0.0053
GTEX-117YX	1103405	1.0000	1794261	1.0000	0.0029	-nan	1.6261	0.0104
GTEX-1314G	1041808	1.0000	2041949	1.0000	0.0039	-nan	1.9600	0.0065
GTEX-1117F	960303	1.0000	2424863	1.0000	0.0028	0.0007	2.5251	0.0106
GTEX-1S5ZU	1064714	1.0000	2054300	1.0000	0.0053	0.0013	1.9294	0.0065
GTEX-QMRM	1063169	1.0000	2090549	1.0000	0.0044	0.0010	1.9663	0.0073
GTEX-1MA7X	1086913	1.0000	2154587	1.0000	0.0037	-nan	1.9823	0.0061
GTEX-ZF3C	959280	1.0000	1874409	1.0000	0.0039	0.0009	1.9540	0.0076
GTEX-ZF28	1004735	1.0000	2003558	1.0000	0.0039	0.0009	1.9941	0.0075
GTEX-XOT4	1147565	1.0000	2030005	1.0000	0.0040	-nan	1.7690	0.0068
